{
    "loss": 0.43443894386291504,
    "accuracy": 0.6906474828720093
}