{
    "loss": 0.6946720480918884,
    "accuracy": 0.5467625856399536
}